id;date;hashtags;user_verified;is_retweet;Is_old_User;user_important
0;2021-02-10;['bitcoin'];0;0;1;1
1;2021-02-10;['bitcoin', 'btc'];0;0;1;0
2;2021-02-10;['Bitcoin', 'BTC'];0;0;1;1
3;2021-02-10;['cryptocurrency'];0;0;1;0
4;2021-02-10;['bitcoin', 'btc', 'bitcoinnews', 'crypto', 'cryptonews'];0;0;1;1
5;2021-02-10;['NEOUSDT', 'neo', 'neobtc', 'neousdt', 'btcusd'];0;0;0;0
6;2021-02-10;['bitcoin'];0;0;1;0
7;2021-02-10;['bigpumpsignal'];0;0;0;0
8;2021-02-10;['BTC', 'BCH', 'ETH'];0;0;1;0
9;2021-02-10;['btc', 'bitcoin'];0;0;0;0
10;2021-02-10;['coldwallet', 'YearoftheOx', 'CoolWallet'];0;0;1;0
11;2021-02-10;['Bitcoin', 'btc'];0;0;1;0
12;2021-02-10;['BITCOIN', 'ALTCOINS'];0;0;1;0
13;2021-02-10;['Hive', 'posh'];0;0;1;1
14;2021-02-10;['BTC', 'Bitcoin', 'tesla'];0;0;0;0
15;2021-02-10;['Bitcoin', 'BTC', 'BitcoinMemes', 'Memes'];0;0;1;1
16;2021-02-10;['bitcoin', 'btc', 'bitcoinnews', 'crypto', 'cryptonews'];0;0;1;1
17;2021-02-10;['Bitcoin', 'BTC', 'Tesla', 'Apple'];0;0;1;0
18;2021-02-10;['DUSKBTC', 'dusk', 'duskbtc', 'duskusdt', 'btc'];0;0;0;0
19;2021-02-10;['btc'];0;0;1;0
20;2021-02-10;['Bitcoin', 'btc', 'eth'];0;0;1;1
21;2021-02-10;['bitcoin', 'btc', 'Tesla', 'payments'];0;0;1;0
22;2021-02-10;['BigPumpSignal'];0;0;0;0
23;2021-02-10;['Crypto'];0;0;1;1
24;2021-02-10;['BTC', 'Bitcoin'];0;0;1;0
25;2021-02-10;['BTC'];0;0;1;0
26;2021-02-10;['btc', 'bitcoin'];0;0;1;0
27;2021-02-10;['leverage', 'Bitcointrading', 'BitcoinSV', 'bitcoingiveaway', 'BTC'];0;0;1;1
28;2021-02-10;['IOTA'];0;0;1;0
29;2021-02-10;['bitcoin', 'btc'];0;0;1;0
30;2021-02-10;['BPS', 'xrp', 'xlm', 'btc', 'bitcoin', 'binance', 'eth'];0;0;0;0
31;2021-02-10;['Mastercard'];0;0;1;0
32;2021-02-10;['blockstack', 'Bitcoin', 'BTC'];0;0;1;0
33;2021-02-10;['love', 'bidcoin', 'crypto', 'save', 'exchange'];0;0;1;0
34;2021-02-10;['EmilyNews', 'invest', 'HYIPs', 'bitcoin', 'crypto', 'btc'];0;0;1;0
35;2021-02-10;['btc', 'crypto', 'bitcoin', 'exchange'];0;0;1;0
36;2021-02-10;['BTC', 'bitcoin'];0;0;1;0
37;2021-02-10;['Bitcoin', 'BTC', 'USD'];0;0;0;0
38;2021-02-10;['btc', 'bitcoin'];0;0;1;0
39;2021-02-10;['BTC'];0;0;1;0
40;2021-02-10;['bitcoin', 'btc'];0;0;0;0
41;2021-02-10;['Bitcoin', 'btc'];0;0;1;0
42;2021-02-10;['PERLBTC', 'perl', 'perlbtc', 'perlusdt', 'BTC'];0;0;0;0
43;2021-02-10;['BTC', 'Bitcoin', 'Litecoin', 'Ethereum', 'Crypto'];0;0;0;0
44;2021-02-10;['Ethereum', 'Tron', 'Trx', 'TronNetwork', 'Tronics'];0;0;1;0
45;2021-02-10;['Crypto', 'Bitcoin', 'BTC', 'BNB'];0;0;1;1
46;2021-02-10;['bitcoin', 'crypto', 'btc'];0;0;1;1
47;2021-02-10;['XRP', 'XRPCommunity', 'XRPUSD', 'BTC', 'Bitcoin', 'Ripple', 'ripplexrp', 'ETH', 'ETC', 'SEC', 'ElonMusk'];0;0;1;0
48;2021-02-10;['Crypto'];0;0;1;0
49;2021-02-10;['invest', 'bitcoin', 'forex', 'dogecoin', 'doge', 'btc'];0;0;0;0
50;2021-02-10;['Cryptocurrency', 'Bitcoin', 'BTC', 'Blockchain', 'HodlGang'];0;0;1;0
51;2021-02-10;['InitiativeQ', 'CLAIM'];0;0;1;1
52;2021-02-10;['UPLAND', 'earn', 'crypto'];0;0;1;1
53;2021-02-10;['WALLEM', 'Pteria', 'PokemonGO'];0;0;1;1
54;2021-02-10;['AUTOFAUCET', 'Crypto'];0;0;1;1
55;2021-02-10;['FREEMINING', 'bitcoin'];0;0;1;1
56;2021-02-10;['GOODDOLLAR', 'Earn'];0;0;1;1
57;2021-02-10;['Earn'];0;0;1;1
58;2021-02-10;['TIMESTOPE', 'Earn'];0;0;1;1
59;2021-02-10;['BTC'];0;0;1;0
60;2021-02-10;['crypto'];0;0;1;1
61;2021-02-10;['Bitcoin', 'DeFi', 'BTC', 'Binance', 'Chainlink'];0;0;1;0
62;2021-02-10;['Bank', 'Bitcoin', 'btc'];0;0;1;0
63;2021-02-10;['World', 'Cloud', 'Mining', 'BTC', 'Hash', 'Free', 'earnmoney', 'Bitcoin', 'Ethereum'];0;0;0;0
64;2021-02-10;['EGLD'];0;0;1;0
65;2021-02-10;['bitcoin'];0;0;1;0
66;2021-02-10;['World', 'Cloud', 'Mining', 'BTC', 'Hash', 'Free', 'earnmoney', 'Bitcoin', 'Ethereum'];0;0;0;0
67;2021-02-10;['BlueRidgeBank', 'btc', 'bitcoin'];0;0;1;1
68;2021-02-10;['AmazonCoin', 'amazon', 'pay'];0;0;1;0
69;2021-02-10;['bitcoin', 'BTC', 'Ethereum'];0;0;1;1
70;2021-02-10;['btc', 'Bitcoin', 'cryptocurrency', 'altcoin', 'ALTSEASON', 'Airdrop'];0;0;0;0
71;2021-02-10;['btc', 'bitcoin'];0;0;0;0
72;2021-02-10;['Bitcoin', 'FX', 'BTC', 'crypto'];0;0;1;0
73;2021-02-10;['MOBILIO', 'Earn', 'rewards'];0;0;1;1
74;2021-02-10;['COINTIPLY', 'bitcoin', 'games', 'earn'];0;0;1;1
75;2021-02-10;['Coinbase', 'Earn', 'Bitcoin', 'cryptocurrency'];0;0;1;1
76;2021-02-10;['Bitcoin'];1;0;1;0
77;2021-02-10;['btc', 'bitcoin', 'energy'];0;0;1;0
78;2021-02-10;['strax', 'BTC', 'ETH'];0;0;0;0
79;2021-02-10;['Miami', 'Bitcoin', 'Tesla', 'Dogecoin', 'BTC'];0;0;1;0
80;2021-02-10;['Bitcoin', 'crypto', 'BTC'];0;0;1;0
81;2021-02-10;['Bitcoin', 'crypto', 'BTC'];0;0;1;0
82;2021-02-10;['PiNetwork', 'Bitcoin'];0;0;1;1
83;2021-02-10;['BeeNetwork', 'Bitcoin'];0;0;1;1
84;2021-02-10;['bitcoin', 'cryptocurrency', 'crypto'];0;0;1;1
85;2021-02-10;['crypto', 'Bitcoin'];0;0;1;0
86;2021-02-10;['cryptocurrency', 'bcn', 'bytecoin', 'bitcoin', 'btc', 'blockchain', 'cryptocurrency', 'cryptotrading', 'cryptocurrencies'];0;0;1;0
87;2021-02-10;['btc'];0;0;1;0
88;2021-02-10;['CRYPTOTAB', 'PASSIVEINCOME', 'CRYPTO', 'BITCOIN'];0;0;1;1
89;2021-02-10;['PRESEARCH', 'earn', 'money', 'crypto', 'WIN'];0;0;1;1
90;2021-02-10;['PUBLISH0X', 'EARN', 'ETH', 'CRYPTO'];0;0;1;1
91;2021-02-10;['DeFi', 'ETH', 'Ethereum', 'altcoins', 'AltSeason', 'Bitcoin', 'BTC', 'Uniswap'];0;0;1;1
92;2021-02-10;['Bitcoin', 'BTC'];0;0;1;0
93;2021-02-10;['crypto'];0;0;0;0
94;2021-02-10;['ROSEBTC', 'rose', 'rosebtc'];0;0;0;0
95;2021-02-10;['BCH'];0;0;1;1
96;2021-02-10;['BCH'];0;0;1;1
97;2021-02-10;['BINANCE', 'Commission', 'EXCHANGE'];0;0;1;1
98;2021-02-10;['Bitcoin', 'BTC', 'Cryptocurrencies', 'Crypto'];0;0;1;0
99;2021-02-10;['Bitcoin', 'BTC'];0;0;1;1
100;2021-02-10;['Bitcoin'];0;0;0;0
101;2021-02-10;['Bitcoin', 'crypto', 'BTC'];0;0;1;0
102;2021-02-10;['bitcoin', 'btc'];0;0;1;0
103;2021-02-10;['ICON', 'ICX', 'btc', 'bitcoin', 'crypto', 'pump', 'eth', 'xrp'];0;0;1;0
104;2021-02-10;['btc', 'bitcoin'];0;0;0;0
105;2021-02-10;['bitcoin', 'btc'];0;0;1;0
106;2021-02-10;['BTT', 'Binance', 'BTtUSDT', 'BTT', 'btc'];0;0;1;0
107;2021-02-10;['ROSEBTC', 'CryptoParos'];0;0;0;0
108;2021-02-10;['Bitcoin', 'BTC'];0;0;1;0
109;2021-02-10;['bitcoin', 'techprogress'];0;0;1;1
110;2021-02-10;['bitcoin', 'ethereum'];0;0;1;0
111;2021-02-10;['blockstack', 'Bitcoin', 'BTC'];0;0;1;0
112;2021-02-10;['DogeCoin', 'DogeRise', 'dogearmy', 'Btc', 'Bitcoin', 'Binance', 'Ftt', 'Ftx'];0;0;0;0
113;2021-02-10;['btc', 'bitcoin'];0;0;1;0
114;2021-02-10;['btc', 'bitcoin'];0;0;1;0
115;2021-02-10;['Bitcoin'];0;0;1;0
116;2021-02-10;['Bitcoin', 'BTC', 'Cryptocurrency', 'dogetothemoon'];0;0;1;0
117;2021-02-10;['CTSI', 'CTSIUSDT', 'Bitcoin', 'btc', 'kripto', 'coin', 'crypto'];0;0;1;0
118;2021-02-10;['btc', 'bitcoin', 'eth', 'ethereum', 'cro', 'crypto', 'airdrop', 'bnb'];0;0;1;0
119;2021-02-10;['bitcoin'];0;0;1;0
120;2021-02-10;['Bitcoin', 'BTC', 'XBT'];0;0;1;0
121;2021-02-10;['NYC'];0;0;1;0
122;2021-02-10;['bitcoin'];0;0;1;0
123;2021-02-10;['BTC'];0;0;1;0
124;2021-02-10;['Bitcoin', 'BTC'];0;0;1;0
125;2021-02-10;['bitcoin', 'redbubble', 'btc', 'balloons'];0;0;1;0
126;2021-02-10;['Twitter', 'Bitcoin'];0;0;1;0
127;2021-02-10;['btc', 'BTC'];0;0;0;0
128;2021-02-10;['ElonMusk', 'carbonfootprint', 'Vechain'];0;0;0;0
129;2021-02-10;['Bitcoin', 'BTC', 'dogecoin'];0;0;1;0
130;2021-02-10;['dogecoin', 'DOGECOIN', 'dogecoin', 'doge', 'dogecoinfrance', 'dogecoinarmy'];0;0;0;0
131;2021-02-10;['silvermanipulation', 'silver', 'wallstreetsilver', 'silversqueeze'];0;0;1;0
132;2021-02-10;['aave', 'Bitcoin', 'Bitcoin', 'ETH', 'XRP', 'US', 'UK', 'CANADA', 'CHINA', 'CH', 'RUSSIA', 'RS', 'Crypto', 'btc', 'BNB'];0;0;1;0
133;2021-02-10;['Crypto', 'Cryptoking_india', 'bitcoin', 'BTCUSD', 'btc'];0;0;1;0
134;2021-02-10;['digitalassetmanagement', 'wealthmanagement', 'venturecapital', 'cryptoassets', 'digitalassets'];0;0;1;0
135;2021-02-10;['Bitcoin', 'crypto', 'BTC'];0;0;1;0
136;2021-02-10;['Bitcoin', 'BTC', 'XBT'];0;0;1;0
137;2021-02-10;['EURCAD', 'BTC', 'GBPAUD', 'nflx'];0;0;1;0
138;2021-02-10;['fintwitter'];0;0;1;0
139;2021-02-10;['BITCOIN', 'BTC'];0;0;1;0
140;2021-02-10;['icx', 'icon', 'btc', 'Bitcoin', 'Ethereum', 'eth', 'Altseason2021'];0;0;1;0
141;2021-02-10;['Bitcoin', 'BTC'];0;0;1;0
142;2021-02-10;['BTC', 'Bitcoin'];0;0;1;0
143;2021-02-10;['Bitcoin', 'BTC'];0;0;1;0
144;2021-02-10;['DogecoinToTheMoon', 'DogeArmy', 'dogecoin', 'Btc', 'Bitcoin'];0;0;0;0
145;2021-02-10;['bitcoin', 'eth', 'btc'];0;0;1;0
146;2021-02-10;['IOTA'];0;0;1;0
147;2021-02-10;['bitcoin', 'btc'];0;0;1;0
148;2021-02-10;['Credits'];0;0;1;0
149;2021-02-10;['BTC', 'BITCOIN', 'Bitcoin'];0;0;1;0
150;2021-02-10;['bitcoin', 'btc', 'BTCUSD'];0;0;1;0
151;2021-02-10;['bitcoin', 'cryptocurrency', 'BTC'];0;0;0;0
152;2021-02-10;['BTC', 'Bitcoin', 'ATH', 'AllTimeHigh', 'AllTimeHigh'];0;0;1;0
153;2021-02-10;['blockstack', 'Bitcoin', 'BTC'];0;0;1;0
154;2021-02-10;['Bitcoin'];0;0;1;0
155;2021-02-10;['Bitcoin', 'stock', 'crypto', 'JPMorgan', 'BTC'];0;0;1;0
156;2021-02-10;['btc', 'bitcoin'];0;0;0;0
157;2021-02-10;['BTC', 'bitcoin'];0;0;1;0
158;2021-02-10;['bitcoin', 'btc', 'BTCUSD'];0;0;1;0
159;2021-02-10;['bitcoin', 'btc', 'BTCUSD'];0;0;1;0
160;2021-02-10;['Bitcoin', 'BTC'];0;0;1;0
161;2021-02-10;['Bitcoin'];0;0;1;0
162;2021-02-10;['tesla', 'elon', 'elonmusk', 'bitcoin', 'btc'];0;0;1;0
163;2021-02-10;['crypto', 'Bitcoin'];0;0;1;0
164;2021-02-10;['Bitcoin', 'BTC', 'cryptocurrency'];0;0;1;0
165;2021-02-10;['btc', 'bitcoin'];0;0;1;1
166;2021-02-10;['BTC', 'Bitcoin'];0;0;1;1
167;2021-02-10;['bitcoin', 'btc', 'trading'];0;0;0;0
168;2021-02-10;['Bitcoin', 'crypto', 'BTC'];0;0;1;0
169;2021-02-10;['btc', 'bitcoin'];0;0;1;0
170;2021-02-10;['Bitcoin', 'ARK', 'BTC'];0;0;1;0
171;2021-02-10;['mda', 'cryptocurrency', 'Crypto', 'cryptotrading', 'BTC', 'Bitcoin'];0;0;1;0
172;2021-02-10;['Tether', 'AVAX', 'CELO', 'AMP', 'ICX', 'GRT', 'BNB', 'btc', 'bitcoin', 'usdt'];0;0;1;0
173;2021-02-10;['Bitcoin', 'btc', 'bitcoinnews'];0;0;1;0
174;2021-02-10;['wavesplatform'];0;0;0;0
175;2021-02-10;['BTC', 'Bitcoin'];0;0;1;0
176;2021-02-10;['Bitcoin', 'BTC'];0;0;1;1
177;2021-02-10;['MATICBTC', 'MATIC', 'MATICBTC', 'MATICUSDT'];0;0;0;0
178;2021-02-10;['Bitcoin', 'Ether', 'BitcoinCash', 'EOS', 'Stellar'];1;0;1;0
179;2021-02-10;['btc', 'bitcoin'];0;0;1;0
180;2021-02-10;['btc', 'bitcoin'];0;0;1;0
181;2021-02-10;['btc', 'bitcoin'];0;0;1;0
182;2021-02-10;['btc', 'bitcoin'];0;0;1;0
183;2021-02-10;['aave', 'aave750usd', 'aave1000usd', 'bnb', 'Bitcoin', 'ETH', 'Ethereum', 'XRP', 'Doge', 'btc'];0;0;1;0
184;2021-02-10;['Swissborg', 'Crypto'];0;0;0;0
185;2021-02-10;['spread', 'crypto', 'Binance', 'krakenfx'];0;0;0;0
186;2021-02-10;['Bitcoin', 'BTC'];0;0;1;0
187;2021-02-10;['AmazonCoin', 'amazon', 'pay', 'finance', 'tokensale'];0;0;1;0
188;2021-02-10;['Bitcoin', 'crypto', 'BTC'];0;0;1;0
189;2021-02-10;['Deal', 'Bitcoin', 'BTC'];0;0;1;0
190;2021-02-10;['btc', 'bitcoin', 'cryptocurrency'];0;0;1;0
191;2021-02-10;['Bitcoin', 'elonBTC', 'AppleBTC', 'btc'];0;0;1;0
192;2021-02-10;['Bitcoin', 'BTC'];0;0;1;0
193;2021-02-10;['blockstack', 'Bitcoin', 'BTC'];0;0;1;0
194;2021-02-10;['Bitcoin', 'BTC'];0;0;1;0
195;2021-02-10;['bitcoin'];0;0;1;0
196;2021-02-10;['Teslabitcoin', 'hodlings'];0;0;1;0
197;2021-02-10;['btc', 'bitcoin'];0;0;1;0
198;2021-02-10;['dogecoin', 'DOGE', 'dogearmy', 'BTC', 'Bitcoin'];0;0;1;0
199;2021-02-10;['twitter'];0;0;1;0
200;2021-02-10;['BTC', 'Bitcoin'];0;0;0;0
201;2021-02-10;['BTC', 'Bitcoin'];0;0;1;0
202;2021-02-10;['BTC', 'bitcoin'];0;0;1;0
203;2021-02-10;['Bitcoin', 'BTC'];0;0;1;0
204;2021-02-10;['btc', 'bitcoin'];0;0;1;0
205;2021-02-10;['Bitcoin', 'Btc'];0;0;1;0
206;2021-02-10;['mastercard', 'CryptoNews', 'cryptocurrency', 'cryptoart'];0;0;0;0
207;2021-02-10;['Bitcoin', 'BTC', 'ETH'];0;0;0;0
208;2021-02-10;['domain', 'domainnames', 'domainname', 'covid', 'corona', 'coronavirus', 'covid19'];0;0;0;0
209;2021-02-10;['cryptocurrency', 'Binance', 'altseason', 'Bitcoin'];0;0;1;0
210;2021-02-10;['BTC', 'Bitcoin', 'WSB', 'WallStreetBets', 'Coinbase', 'Binance'];0;0;1;0
211;2021-02-10;['crypto'];0;0;1;1
212;2021-02-10;['BTC', 'Coinbase'];0;0;1;0
213;2021-02-10;['Dogecoin', 'Bitcoin'];0;0;1;0
214;2021-02-10;['Bitcoin', 'Breaking', 'BTC', 'BTCUSDTradingView', 'BTCUSDTTradingView', 'CryptoNews'];0;0;1;0
215;2021-02-10;['AIONBTC', 'CryptoParos'];0;0;0;0
216;2021-02-10;['revolution', 'Maiar', 'ADA'];0;0;0;0
217;2021-02-10;['crypto', 'Bitcoin', 'BTC'];0;0;1;0
218;2021-02-10;['Bitcoin', 'BTC', 'Binance', 'BNB'];0;0;1;0
219;2021-02-10;['bitcoinoptions', 'Bitcoin', 'crypto', 'options', 'BTC', 'cme'];0;0;1;1
220;2021-02-10;['Mastercard', 'Payments', 'Crypto', 'Bitcoin', 'BTC', 'Binance', 'DOGE', 'BNB'];0;0;1;0
221;2021-02-10;['Bitcoin'];0;0;1;0
222;2021-02-10;['MASTERCARD', 'CRYPTOCURRENCIES', 'Bitcoin', 'dogecoin', 'Binance', 'BTC', 'DogecoinToTheMoon', 'BNB'];0;0;1;0
223;2021-02-10;['AmazonCoin', 'amazon', 'pay'];0;0;1;0
224;2021-02-10;['btc', 'bitcoin', 'cryptocurrency'];0;0;1;0
225;2021-02-10;['Bitcoin'];0;0;1;0
226;2021-02-10;['creamcoin', 'bitcoin', 'litecoin', 'ethereum', 'blockchain', 'exchange', 'btc', 'cryptocurrency'];0;0;1;1
227;2021-02-10;['DeFi', 'BTC', 'ETH', 'BITCOIN', 'CRYPTO'];0;0;0;0
228;2021-02-10;['domain', 'domainnames', 'domainname', 'covid', 'corona', 'coronavirus', 'covid19'];0;0;0;0
229;2021-02-10;['BTC'];0;0;1;0
230;2021-02-10;['Ethereum', 'Bitcoin'];0;0;1;1
231;2021-02-10;['domain', 'domainnames', 'domainname', 'covid', 'corona', 'coronavirus', 'covid19', 'vaccination', 'vaccine'];0;0;0;0
232;2021-02-10;['BTC', 'Bitcoin'];0;0;0;0
233;2021-02-10;['ontology', 'iota'];0;0;1;0
234;2021-02-10;['btc', 'bitcoin'];0;0;0;0
235;2021-02-10;['bitcoin', 'btc', 'BTCUSD'];0;0;1;0
236;2021-02-10;['bitcoin', 'btc', 'BTCUSD'];0;0;1;0
237;2021-02-10;['Bitcoin', 'BTC'];0;0;1;0
238;2021-02-10;['btc', 'bitcoin', 'cryptocurrency'];0;0;1;0
239;2021-02-10;['btc', 'bitcoin'];0;0;1;1
240;2021-02-10;['btc'];0;0;0;0
241;2021-02-10;['BTC', 'Bitcoin'];0;0;1;0
242;2021-02-10;['bitcoin', 'cryptocurrency', 'crypto', 'blockchain', 'btc'];0;0;1;1
243;2021-02-10;['crypto', 'bitcoin'];0;0;1;0
244;2021-02-10;['domain', 'domainnames', 'domainname', 'covid', 'corona', 'coronavirus', 'covid19'];0;0;0;0
245;2021-02-10;['btc', 'Bitcoin'];0;0;1;0
246;2021-02-10;['btc', 'bitcoinnews', 'bitcoin'];0;0;1;0
247;2021-02-10;['Mailey', 'BoomerSooner'];0;0;0;0
248;2021-02-10;['Bitcoin'];0;0;1;0
249;2021-02-10;['Bitcoin', 'Breaking', 'BTC', 'BTCUSDTradingView', 'BTCUSDTTradingView', 'CryptoNews'];0;0;1;0
250;2021-02-10;['Bitcoin', 'BTC', 'dogecoin'];0;0;1;0
251;2021-02-10;['Bitcoin', 'BTC'];0;0;1;0
252;2021-02-10;['BTC', 'Bitcoin', 'Cryptocurrencies'];0;0;1;0
253;2021-02-10;['faucetbitcoin', 'bitcoin', 'btc'];0;0;1;0
254;2021-02-10;['Bitcoin', 'BTC', 'ADA', 'DOT'];0;0;1;0
255;2021-02-10;['bitcoin', 'BTC'];0;0;1;0
256;2021-02-10;['Bitcoin'];1;0;1;1
257;2021-02-10;['Patience', 'ada', 'adausdt', 'btc', 'bitcoin', 'adacoin'];0;0;1;0
258;2021-02-10;['cryptocurrency', 'NASDAQ'];0;0;1;0
259;2021-02-10;['Patience', 'ada', 'adausdt', 'btc', 'bitcoin', 'adacoin'];0;0;1;0
260;2021-02-10;['TFUEL', 'ThetaFuel', 'Binance', 'Crypto', 'Signaler', 'Signal', 'BTC', 'Bitcoin'];0;0;1;0
261;2021-02-10;['Bitcoin', 'BTC', 'crypto', 'cryptocurrency'];0;0;1;1
262;2021-02-10;['Bitcoin', 'FX', 'BTC', 'crypto'];0;0;1;0
263;2021-02-10;['BTC', 'Bitcoin'];0;0;1;1
264;2021-02-10;['Bitcoin', 'cryptocurrency'];0;0;1;0
265;2021-02-10;['Bitcoin', 'crypto', 'BTC'];0;0;1;0
266;2021-02-10;['Bitcoin', 'BTC', 'AAVE', 'DeFi', 'Crypto', 'cryptocurrency'];0;0;1;0
267;2021-02-10;['btc', 'Bitcoin'];0;0;1;0
268;2021-02-10;['bitcoin', 'crypto'];0;0;1;1
269;2021-02-10;['BTC', 'Bitcoin', 'Ethereum', 'ETH', 'Crypto', 'cryptotrading'];0;0;0;0
270;2021-02-10;['Bitcoin', 'Crypto', 'BTC'];0;0;1;0
271;2021-02-10;['Crypto', 'Binance', 'Cashback'];0;0;1;0
272;2021-02-10;['BTC'];0;0;1;0
273;2021-02-10;['Bitcoin', 'FX', 'BTC', 'crypto'];0;0;1;0
274;2021-02-10;['Thursday', 'Btc', 'wallet', 'security'];0;0;1;1
275;2021-02-10;['bitcoin'];0;0;1;1
276;2021-02-10;['crypto', 'btc', 'Bitcoin'];0;0;1;0
277;2021-02-10;['BTC', 'Bitcoin'];0;0;0;0
278;2021-02-10;['Bitcoin', 'digital', 'asset', 'fund', 'BTC'];0;0;1;1
279;2021-02-10;['Bitcoin', 'crypto', 'BTC'];0;0;1;0
280;2021-02-10;['bitcoin', 'digitalcurrencyexchange'];0;0;1;0
281;2021-02-10;['Bitcoin'];0;0;1;0
282;2021-02-10;['BTC', 'BCH', 'ETH'];0;0;1;0
283;2021-02-10;['btc', 'bitcoin'];0;0;0;0
284;2021-02-10;['BNB', 'crypto', 'bitcoin', 'Ethereum', 'xrp', 'aave', 'altcoin', 'bullrun', 'Chainlink'];0;0;1;0
285;2021-02-10;['Bitcoin', 'BTC'];0;0;1;0
286;2021-02-10;['Crypto', 'Bitcoin', 'BTC', 'Ethereum', 'ETH', 'Tether', 'USDT'];0;0;1;1
287;2021-02-10;['Bitcoin', 'BTC'];0;0;0;0
288;2021-02-10;['Bitcoin'];0;0;1;0
289;2021-02-10;['BTC', 'bitcoin', 'tesla', 'mastercard'];0;0;1;0
290;2021-02-10;['forex', 'forexsignals', 'trading', 'forextrader', 'forextrade'];0;0;0;0
291;2021-02-10;['CGash', 'Telcoin', 'Kucoin'];0;0;1;0
292;2021-02-10;['bitcoin', 'Tesla'];0;0;1;0
293;2021-02-10;['BTC', 'ETH', 'ADA', 'XRP', 'DOT', 'BNB', 'LTC', 'LINK', 'DOGE', 'BCH'];0;0;1;1
294;2021-02-10;['Mailey', 'Bitcoin', 'BTC'];0;0;0;0
295;2021-02-10;['BTC', 'Bitcoin'];0;0;0;0
296;2021-02-10;['bitcoin', 'BTC'];0;0;1;0
297;2021-02-10;['CyberSecurity', 'Blockchain', 'Crypto'];0;0;1;1
298;2021-02-10;['BTC', 'Bitcoin', 'Ethereum', 'ETH', 'Crypto', 'cryptotrading'];0;0;0;0
299;2021-02-10;['XRP', 'Bitcoin', 'Ethereum', 'BTC'];0;0;0;0
300;2021-02-10;['Bitcoin', 'BitcoinCash', 'Litecoin', 'Ethereum', 'dogecoin'];0;0;1;0
301;2021-02-10;['Bitcoin', 'BTC', 'dogecoin'];0;0;1;0
302;2021-02-10;['bitcoin', 'Btc'];0;0;0;0
303;2021-02-10;['help', 'bitcoin', 'BTC', 'Support'];0;0;1;0
304;2021-02-10;['AmazonCoin', 'amazon', 'pay'];0;0;1;0
305;2021-02-10;['Bitcoin', 'Truth', 'Crypto', 'Btc', 'SPX', 'Investing'];0;0;1;1
306;2021-02-10;['bitcoin', 'BTC'];0;0;1;0
307;2021-02-10;['blockstack', 'Bitcoin', 'BTC'];0;0;1;0
308;2021-02-10;['Bitcoin', 'Cardano', 'BTC'];0;0;0;0
309;2021-02-10;['Cryptocurrencies', 'Bitcoin', 'ETH', 'XRP', 'ADA', 'DOT', 'LINK', 'BNB', 'BTC', 'BSC', 'DeFi'];0;0;1;0
310;2021-02-10;['RSRBTC', 'rsr', 'rsrbtc', 'rsrusdt', 'btc'];0;0;0;0
311;2021-02-10;['Bitcoin', 'BTC', 'ForThePeople', 'WSB', 'BANG'];0;0;1;0
312;2021-02-10;['bidcoin', 'reward', 'FREE', 'play'];0;0;1;0
313;2021-02-10;['CRYPTOCURRENCY', 'CryptoNews', 'cryptotrading'];0;0;0;0
314;2021-02-10;['cryptocurrency', 'HODL', 'hold', 'bitcoin', 'btc', 'Ethereum', 'eth', 'DOGE', 'Cardano', 'Ripple', 'LINK'];0;0;0;0
315;2021-02-10;['Bitcoin', 'FX', 'BTC', 'crypto'];0;0;1;0
316;2021-02-10;['Apple', 'Tesla', 'Bitcoin', 'bttcoin', 'BTC', 'Crypto', 'cryptocurrency'];0;0;0;0
317;2021-02-10;['BTC', 'Bitcoin', 'crypto'];0;0;1;0
318;2021-02-10;['Bitcoin'];0;0;1;0
319;2021-02-10;['sectors', 'bold', 'hedge', 'fintwit', 'finance', 'StocksToBuy'];0;0;0;0
320;2021-02-10;['NEO3', 'btc', 'bitcoin', 'Binance', 'coinbase'];0;0;0;0
321;2021-02-10;['btc', 'Bitcoin', 'cryptocurrency', 'dollar', 'ม็อบ10กุมภา', 'الامتحانات_خطر_ياريس', 'CoppaItalia'];0;0;1;0
322;2021-02-10;['Bitcoin', 'BTC', 'BNB'];0;0;1;0
323;2021-02-10;['Bitcoin', 'Bitcoin', 'BTC', 'Ethereum', 'DOGE'];0;0;0;0
324;2021-02-10;['Bitcoin', 'BTC', 'DogecoinRise'];0;0;1;0
325;2021-02-10;['BTC', 'Bitcoin', 'Ethereum', 'ETH'];0;0;1;0
326;2021-02-10;['bitcoin'];0;0;0;0
327;2021-02-10;['BTC', 'Bitcoin'];0;0;0;0
328;2021-02-10;['BTC'];0;0;1;0
329;2021-02-10;['btc', 'bitcoin'];0;0;1;0
330;2021-02-10;['btc', 'bitcoin', 'usd'];0;0;1;0
331;2021-02-10;['Hoskinson', 'Apple', 'Oracle', 'Partnership', 'AppleIOS', 'ecosystem'];0;0;0;0
332;2021-02-10;['CryptoNews', 'blockchain', 'BTC', 'InCryptoWeTrust', 'Bitcoin', 'ETH', 'dogearmy'];0;0;1;0
333;2021-02-10;['BTC', 'cryptotwitter'];0;0;0;0
334;2021-02-10;['YieldFarming', 'DeFi'];0;0;1;1
335;2021-02-10;['btc', 'bitcoin'];0;0;1;1
336;2021-02-10;['BITCOIN'];0;0;1;1
337;2021-02-10;['STX'];0;0;1;0
338;2021-02-10;['YieldFarming', 'DeFi', 'cryptocurrencies'];0;0;1;1
339;2021-02-10;['btc', 'Bitcoin', 'BTC'];0;0;1;0
340;2021-02-10;['bitcoin', 'btc'];0;0;0;0
341;2021-02-10;['Ad', 'cryptocurrency', 'Giveaway', 'Airdrop'];0;0;1;0
342;2021-02-10;['Ethereum', 'Bitcoin', 'BTC'];0;0;1;0
343;2021-02-10;['GRTUSDT', 'CryptoParos'];0;0;0;0
344;2021-02-10;['BitCoin', 'GamerHashCom', 'ILLYWHATSNEXT'];0;0;1;0
345;2021-02-10;['Huobi', 'AKRO'];0;0;1;0
346;2021-02-10;['BTC', 'ethusd', 'ethusdt', 'ethbtc', 'bitcoin', 'btcusd'];0;0;1;0
347;2021-02-10;['Bitcoin', 'BTC', 'Cryptocurency'];0;0;0;0
348;2021-02-10;['YieldFarming', 'DeFi', 'cryptocurrencies'];0;0;1;1
349;2021-02-10;['btc', 'bitcoinnews', 'bitcoin'];0;0;1;0
350;2021-02-10;['Bitcoin', 'BTC', 'bitcoins'];0;0;1;0
351;2021-02-10;['cryptocurrency', 'btc', 'bitcoin', 'eth', 'crypto', 'blockchain', 'kriptopara', 'trading', 'ethereum'];0;0;1;0
352;2021-02-10;['AVAX', 'Binance', 'BTC', 'BSC', 'paribu', 'btcturk', '1INCH', 'hedef'];0;0;0;0
353;2021-02-10;['bitcoin', 'btc', 'BTCUSD'];0;0;1;0
354;2021-02-10;['bitcoin', 'donation', 'help', 'feed', 'animals', 'cats', 'birds', 'dogs', 'btc'];0;0;1;0
355;2021-02-10;['Bitcoin', 'BTC', 'DOGE'];0;0;1;0
356;2021-02-10;['Bitcoin', 'crypto', 'BTC'];0;0;1;0
357;2021-02-10;['Bitcoin', 'BTC'];0;0;1;0
358;2021-02-10;['NFT'];0;0;0;0
359;2021-02-10;['FreeBitcoin', 'Bitcoin', 'BTC', 'Bitcoinmining', 'ElonMusk', 'btcturk', 'Crypto', 'CryptoTab'];0;0;1;1
360;2021-02-10;['FreeBitcoin', 'Bitcoin', 'BTC', 'Bitcoinmining', 'ElonMusk', 'btcturk', 'Crypto', 'CryptoTab'];0;0;1;1
361;2021-02-10;['FreeBitcoin', 'Bitcoin', 'BTC', 'Bitcoinmining', 'ElonMusk', 'btcturk', 'Crypto', 'CryptoTab'];0;0;1;1
362;2021-02-10;['FreeBitcoin', 'Bitcoin', 'BTC', 'Bitcoinmining', 'ElonMusk', 'btcturk', 'Crypto', 'CryptoTab'];0;0;1;1
363;2021-02-10;['FreeBitcoin', 'Bitcoin', 'BTC', 'Bitcoinmining', 'ElonMusk', 'btcturk', 'Crypto', 'CryptoTab'];0;0;1;1
364;2021-02-10;['FreeBitcoin', 'Bitcoin', 'BTC', 'Bitcoinmining', 'ElonMusk', 'btcturk', 'Crypto', 'CryptoTab'];0;0;1;1
365;2021-02-10;['NFT'];0;0;0;0
366;2021-02-10;['crypto', 'btc', 'bitcoin'];0;0;1;0
367;2021-02-10;['Mastercard', 'btc', 'bitcoin'];0;0;1;1
368;2021-02-10;['Bitcoin', 'BTC'];0;0;1;1
369;2021-02-10;['crypto', 'rich', 'money', 'btc', 'bitcoin'];0;0;0;0
370;2021-02-10;['btc', 'bitcoin', 'Ethereum', 'ETH', 'dogecoin', 'Cardano', 'ada', 'Solana', 'sol', 'VeChain', 'VET', 'VeThor', 'VTHO'];0;0;1;0
371;2021-02-10;['Bitcoin', 'BTC', 'dogeto1dollar'];0;0;1;0
372;2021-02-10;['FreeBitcoin', 'Bitcoin', 'BTC', 'Bitcoinmining', 'ElonMusk', 'btcturk', 'Crypto', 'CryptoTab'];0;0;1;1
373;2021-02-10;['BTC', 'Bitcoin'];0;0;1;1
374;2021-02-10;['FreeBitcoin', 'Bitcoin', 'BTC', 'Bitcoinmining', 'ElonMusk', 'btcturk', 'Crypto', 'CryptoTab'];0;0;1;1
375;2021-02-10;['cryptocurrency'];0;0;1;0
376;2021-02-10;['ethereum', 'bitcoin', 'crypto', 'btc'];0;0;1;1
377;2021-02-10;['Tether', 'MarketCap', 'Bitcoin', 'BTC', 'Cryptocurrency'];0;0;1;0
378;2021-02-10;['Binance', 'BTC', 'Bitcoin'];0;0;0;0
379;2021-02-10;['Dogecoin', 'Doge', 'Bitcoin'];0;0;0;0
380;2021-02-10;['BTC'];0;0;0;0
381;2021-02-10;['Bitcoin', 'BTC', 'CryptoNews', 'cryptocurrency'];0;0;0;0
382;2021-02-10;['bitcoin', 'btc'];0;0;1;0
383;2021-02-10;['Bitcoin'];0;0;0;0
384;2021-02-10;['Bitcoin', 'BTC'];0;0;0;0
385;2021-02-10;['ZRX', '0x', 'cryptoart', 'cryptotwitter', 'cryptocurrency', 'altcoin', 'ALTSEASON', 'crypto', 'cryptotwitter'];0;0;1;0
386;2021-02-10;['btc', 'bitcoin'];0;0;0;0
387;2021-02-10;['BTC', 'Bitcoin'];0;0;1;0
388;2021-02-10;['BTC', 'Crypto', 'DigitalCurrency', 'Bitcoin', 'Vcoin', 'TBB', 'Future'];0;0;0;0
389;2021-02-10;['BTC'];0;0;1;0
390;2021-02-10;['USDJPY'];0;0;0;0
391;2021-02-10;['Bitcoin', 'BTC'];1;0;1;1
392;2021-02-10;['YFI'];0;0;0;0
393;2021-02-10;['BTC', 'BitCorn', 'Bitcoin', 'addMe'];0;0;0;0
394;2021-02-10;['Bitcoin', 'BTC'];0;0;1;0
395;2021-02-10;['btc', 'Bitcoin'];0;0;0;0
396;2021-02-10;['BTC', 'Bitcoin'];0;0;1;0
397;2021-02-10;['Mastercard', 'Payments', 'Crypto', 'Bitcoin', 'BTC'];0;0;1;0
398;2021-02-10;['Bitcoin', 'blockchaintechnology'];0;0;1;0
399;2021-02-10;['BSV', 'BTC', 'BCH', 'Bitcoin'];0;0;1;0
400;2021-02-10;['bitcoin', 'SharkTank', 'BTC'];0;0;1;0
401;2021-02-10;['btc'];0;0;1;1
402;2021-02-10;['Bitcoin', 'BTC'];0;0;1;0
403;2021-02-10;['Crypto'];0;0;0;0
404;2021-02-10;['bitcoin', 'btc'];0;0;0;0
